id,first_name,last_name,email,Username
1,Doris,Day,dday0@icq.com,Doris_Day
2,Eugene,Ryan,eryan1@miibeian.gov.cn,Eugene_Ryan
3,Henry,Perez,hperez2@google.ru,Henry_Perez
4,Nicole,Hill,nhill3@google.it,Nicole_Hill
5,Andrea,Alvarez,aalvarez4@indiegogo.com,Andrea_Alvarez
6,Jean,Knight,jknight5@meetup.com,Jean_Knight
7,Patricia,Rogers,progers6@marriott.com,Patricia_Rogers
8,Brenda,Bailey,bbailey7@ask.com,Brenda_Bailey
9,Ronald,Stewart,rstewart8@berkeley.edu,Ronald_Stewart
10,Kathy,Weaver,kweaver9@utexas.edu,Kathy_Weaver
11,Emily,Ward,ewarda@dyndns.org,Emily_Ward
12,Daniel,Castillo,dcastillob@shutterfly.com,Daniel_Castillo
13,Matthew,Stanley,mstanleyc@wikimedia.org,Matthew_Stanley
14,Mildred,Crawford,mcrawfordd@cyberchimps.com,Mildred_Crawford
15,Rachel,Simpson,rsimpsone@google.pl,Rachel_Simpson
16,Kevin,Wood,kwoodf@intel.com,Kevin_Wood
17,Carol,Martin,cmarting@cdc.gov,Carol_Martin
18,Bonnie,Watkins,bwatkinsh@addtoany.com,Bonnie_Watkins
19,Howard,Warren,hwarreni@github.com,Howard_Warren
20,Aaron,Henderson,ahendersonj@who.int,Aaron_Henderson
21,Earl,Bell,ebellk@ebay.com,Earl_Bell
22,Kathryn,Morris,kmorrisl@google.ca,Kathryn_Morris
23,Jason,Edwards,jedwardsm@freewebs.com,Jason_Edwards
24,Janice,Mcdonald,jmcdonaldn@columbia.edu,Janice_Mcdonald
25,Howard,Taylor,htayloro@i2i.jp,Howard_Taylor
26,Rebecca,Hamilton,rhamiltonp@ebay.co.uk,Rebecca_Hamilton
27,Walter,Carr,wcarrq@diigo.com,Walter_Carr
28,Emily,Bennett,ebennettr@techcrunch.com,Emily_Bennett
29,Matthew,Ray,mrays@mediafire.com,Matthew_Ray
30,Bruce,Day,bdayt@amazonaws.com,Bruce_Day
31,Sandra,Owens,sowensu@cocolog-nifty.com,Sandra_Owens
32,Ruby,Gutierrez,rgutierrezv@ftc.gov,Ruby_Gutierrez
33,Justin,Watkins,jwatkinsw@ihg.com,Justin_Watkins
34,Thomas,Fields,tfieldsx@discovery.com,Thomas_Fields
35,Frances,Rose,frosey@i2i.jp,Frances_Rose
36,Jacqueline,Allen,jallenz@engadget.com,Jacqueline_Allen
37,Deborah,Rogers,drogers10@barnesandnoble.com,Deborah_Rogers
38,Aaron,George,ageorge11@hc360.com,Aaron_George
39,Doris,Rivera,drivera12@edublogs.org,Doris_Rivera
40,Mary,Smith,msmith13@mit.edu,Mary_Smith
41,Richard,Morales,rmorales14@github.io,Richard_Morales
42,Evelyn,Hunt,ehunt15@free.fr,Evelyn_Hunt
43,Nancy,Lopez,nlopez16@discovery.com,Nancy_Lopez
44,Stephen,Ramirez,sramirez17@flickr.com,Stephen_Ramirez
45,Martin,Gardner,mgardner18@usatoday.com,Martin_Gardner
46,Diana,Hayes,dhayes19@earthlink.net,Diana_Hayes
47,Janice,Perry,jperry1a@ovh.net,Janice_Perry
48,David,Kelly,dkelly1b@aol.com,David_Kelly
49,Pamela,Webb,pwebb1c@ifeng.com,Pamela_Webb
50,Heather,Bell,hbell1d@samsung.com,Heather_Bell
51,Jean,Alvarez,jalvarez1e@youtube.com,Jean_Alvarez
52,Diana,Snyder,dsnyder1f@about.com,Diana_Snyder
53,Ruby,Payne,rpayne1g@admin.ch,Ruby_Payne
54,Amy,Medina,amedina1h@bbb.org,Amy_Medina
55,Ralph,Arnold,rarnold1i@booking.com,Ralph_Arnold
56,Charles,Turner,cturner1j@phpbb.com,Charles_Turner
57,Billy,Ellis,bellis1k@sbwire.com,Billy_Ellis
58,Sandra,Kim,skim1l@scientificamerican.com,Sandra_Kim
59,Rebecca,Nichols,rnichols1m@umn.edu,Rebecca_Nichols
60,Debra,Scott,dscott1n@stumbleupon.com,Debra_Scott
61,Michael,Romero,mromero1o@tiny.cc,Michael_Romero
62,Victor,Sims,vsims1p@upenn.edu,Victor_Sims
63,Ronald,Reyes,rreyes1q@nbcnews.com,Ronald_Reyes
64,Timothy,Bradley,tbradley1r@goo.ne.jp,Timothy_Bradley
65,Mildred,Bowman,mbowman1s@blinklist.com,Mildred_Bowman
66,Phillip,Bailey,pbailey1t@deviantart.com,Phillip_Bailey
67,Eric,Watkins,ewatkins1u@newyorker.com,Eric_Watkins
68,Kenneth,Palmer,kpalmer1v@telegraph.co.uk,Kenneth_Palmer
69,Bobby,Howard,bhoward1w@netscape.com,Bobby_Howard
70,Adam,Ray,aray1x@yandex.ru,Adam_Ray
71,Joan,Henderson,jhenderson1y@hibu.com,Joan_Henderson
72,Mary,Gordon,mgordon1z@uiuc.edu,Mary_Gordon
73,Mildred,Edwards,medwards20@livejournal.com,Mildred_Edwards
74,Craig,Garcia,cgarcia21@issuu.com,Craig_Garcia
75,Larry,Hunter,lhunter22@mapy.cz,Larry_Hunter
76,Annie,Owens,aowens23@washington.edu,Annie_Owens
77,Debra,West,dwest24@creativecommons.org,Debra_West
78,Frank,Davis,fdavis25@domainmarket.com,Frank_Davis
79,Jane,Hicks,jhicks26@ihg.com,Jane_Hicks
80,Marilyn,Hernandez,mhernandez27@gov.uk,Marilyn_Hernandez
81,Ruby,Lewis,rlewis28@unesco.org,Ruby_Lewis
82,Beverly,Lewis,blewis29@hostgator.com,Beverly_Lewis
83,Aaron,Warren,awarren2a@cargocollective.com,Aaron_Warren
84,Timothy,Hall,thall2b@hc360.com,Timothy_Hall
85,Eric,Duncan,eduncan2c@goodreads.com,Eric_Duncan
86,Maria,Berry,mberry2d@cargocollective.com,Maria_Berry
87,Virginia,Reid,vreid2e@reddit.com,Virginia_Reid
88,Tina,Arnold,tarnold2f@de.vu,Tina_Arnold
89,Janice,Campbell,jcampbell2g@flavors.me,Janice_Campbell
90,Douglas,Burns,dburns2h@mlb.com,Douglas_Burns
91,Fred,Wells,fwells2i@bandcamp.com,Fred_Wells
92,Andrea,Duncan,aduncan2j@qq.com,Andrea_Duncan
93,Kathryn,Graham,kgraham2k@twitter.com,Kathryn_Graham
94,Steven,Richardson,srichardson2l@columbia.edu,Steven_Richardson
95,Timothy,Payne,tpayne2m@java.com,Timothy_Payne
96,Carol,Burns,cburns2n@scribd.com,Carol_Burns
97,Christine,Banks,cbanks2o@networksolutions.com,Christine_Banks
98,Paula,Simpson,psimpson2p@msu.edu,Paula_Simpson
99,Benjamin,Allen,ballen2q@amazonaws.com,Benjamin_Allen
100,Phyllis,Larson,plarson2r@goodreads.com,Phyllis_Larson
101,Ruth,Harrison,rharrison2s@imageshack.us,Ruth_Harrison
102,Nicole,Fox,nfox2t@weather.com,Nicole_Fox
103,Christine,Bishop,cbishop2u@cafepress.com,Christine_Bishop
104,Amy,Kelly,akelly2v@cdbaby.com,Amy_Kelly
105,Tammy,Banks,tbanks2w@amazon.co.uk,Tammy_Banks
106,Helen,Stone,hstone2x@theglobeandmail.com,Helen_Stone
107,Shirley,Hanson,shanson2y@desdev.cn,Shirley_Hanson
108,Jack,Mcdonald,jmcdonald2z@newsvine.com,Jack_Mcdonald
109,Roger,Lynch,rlynch30@goo.gl,Roger_Lynch
110,Stephen,Payne,spayne31@ameblo.jp,Stephen_Payne
111,Billy,Jones,bjones32@un.org,Billy_Jones
112,Martin,Smith,msmith33@ebay.co.uk,Martin_Smith
113,Donna,Reynolds,dreynolds34@issuu.com,Donna_Reynolds
114,Christina,Hughes,chughes35@chicagotribune.com,Christina_Hughes
115,Rachel,Clark,rclark36@google.co.jp,Rachel_Clark
116,Adam,Cole,acole37@irs.gov,Adam_Cole
117,Debra,Cole,dcole38@vk.com,Debra_Cole
118,Jonathan,Lane,jlane39@cdc.gov,Jonathan_Lane
119,Steve,Lopez,slopez3a@webs.com,Steve_Lopez
120,Bruce,Sanders,bsanders3b@slideshare.net,Bruce_Sanders
121,Janet,Stone,jstone3c@1688.com,Janet_Stone
122,Kelly,Coleman,kcoleman3d@microsoft.com,Kelly_Coleman
123,Raymond,Ramos,rramos3e@merriam-webster.com,Raymond_Ramos
124,Martha,Johnson,mjohnson3f@deliciousdays.com,Martha_Johnson
125,Kelly,Rogers,krogers3g@admin.ch,Kelly_Rogers
126,Irene,Graham,igraham3h@de.vu,Irene_Graham
127,Jerry,Ray,jray3i@delicious.com,Jerry_Ray
128,Laura,Boyd,lboyd3j@chron.com,Laura_Boyd
129,Clarence,Watson,cwatson3k@yolasite.com,Clarence_Watson
130,Harry,Anderson,handerson3l@europa.eu,Harry_Anderson
131,Amy,Dixon,adixon3m@tiny.cc,Amy_Dixon
132,Pamela,Rivera,privera3n@squidoo.com,Pamela_Rivera
133,Arthur,Montgomery,amontgomery3o@ebay.co.uk,Arthur_Montgomery
134,William,Johnson,wjohnson3p@gravatar.com,William_Johnson
135,Theresa,Reid,treid3q@quantcast.com,Theresa_Reid
136,Jerry,Olson,jolson3r@themeforest.net,Jerry_Olson
137,Jerry,Hayes,jhayes3s@time.com,Jerry_Hayes
138,Bonnie,Miller,bmiller3t@earthlink.net,Bonnie_Miller
139,Susan,Gonzales,sgonzales3u@vinaora.com,Susan_Gonzales
140,Debra,Mills,dmills3v@sakura.ne.jp,Debra_Mills
141,Gerald,Price,gprice3w@examiner.com,Gerald_Price
142,Terry,Murphy,tmurphy3x@huffingtonpost.com,Terry_Murphy
143,Ashley,Kelley,akelley3y@xinhuanet.com,Ashley_Kelley
144,Joe,Armstrong,jarmstrong3z@pcworld.com,Joe_Armstrong
145,Samuel,Reyes,sreyes40@slideshare.net,Samuel_Reyes
146,Lisa,Fisher,lfisher41@deviantart.com,Lisa_Fisher
147,Phyllis,Cruz,pcruz42@msn.com,Phyllis_Cruz
148,Joyce,Robinson,jrobinson43@liveinternet.ru,Joyce_Robinson
149,Denise,Schmidt,dschmidt44@vinaora.com,Denise_Schmidt
150,Lisa,Ortiz,lortiz45@pcworld.com,Lisa_Ortiz
151,Ryan,Torres,rtorres46@deviantart.com,Ryan_Torres
152,Janice,Robinson,jrobinson47@google.es,Janice_Robinson
153,Victor,Nelson,vnelson48@google.it,Victor_Nelson
154,Steve,King,sking49@bizjournals.com,Steve_King
155,Steve,Morrison,smorrison4a@simplemachines.org,Steve_Morrison
156,Debra,Nichols,dnichols4b@canalblog.com,Debra_Nichols
157,Bonnie,Weaver,bweaver4c@arizona.edu,Bonnie_Weaver
158,Louise,Russell,lrussell4d@youtu.be,Louise_Russell
159,Todd,Clark,tclark4e@springer.com,Todd_Clark
160,Sharon,Ward,sward4f@ycombinator.com,Sharon_Ward
161,Virginia,Gutierrez,vgutierrez4g@cpanel.net,Virginia_Gutierrez
162,Kevin,Elliott,kelliott4h@gov.uk,Kevin_Elliott
163,Terry,Crawford,tcrawford4i@chronoengine.com,Terry_Crawford
164,Gloria,Martin,gmartin4j@patch.com,Gloria_Martin
165,Dennis,Ross,dross4k@wikispaces.com,Dennis_Ross
166,Lois,Nichols,lnichols4l@symantec.com,Lois_Nichols
167,Adam,Reyes,areyes4m@themeforest.net,Adam_Reyes
168,Donald,Stone,dstone4n@spotify.com,Donald_Stone
169,Norma,Torres,ntorres4o@yolasite.com,Norma_Torres
170,Lois,Richards,lrichards4p@imgur.com,Lois_Richards
171,Linda,Lawrence,llawrence4q@google.fr,Linda_Lawrence
172,Jessica,Hudson,jhudson4r@dagondesign.com,Jessica_Hudson
173,Justin,Fernandez,jfernandez4s@4shared.com,Justin_Fernandez
174,Chris,James,cjames4t@wufoo.com,Chris_James
175,Eugene,Thompson,ethompson4u@google.ru,Eugene_Thompson
176,Todd,Nguyen,tnguyen4v@diigo.com,Todd_Nguyen
177,Carolyn,Morgan,cmorgan4w@issuu.com,Carolyn_Morgan
178,Matthew,Nelson,mnelson4x@g.co,Matthew_Nelson
179,Michael,Garcia,mgarcia4y@time.com,Michael_Garcia
180,Angela,Cruz,acruz4z@timesonline.co.uk,Angela_Cruz
181,Willie,Wallace,wwallace50@amazon.de,Willie_Wallace
182,Joseph,Brooks,jbrooks51@sohu.com,Joseph_Brooks
183,Frances,Webb,fwebb52@msn.com,Frances_Webb
184,Kimberly,Williams,kwilliams53@google.co.uk,Kimberly_Williams
185,John,Hicks,jhicks54@omniture.com,John_Hicks
186,Bruce,Nelson,bnelson55@canalblog.com,Bruce_Nelson
187,Alan,Jordan,ajordan56@cpanel.net,Alan_Jordan
188,Jennifer,Armstrong,jarmstrong57@microsoft.com,Jennifer_Armstrong
189,Joan,Murray,jmurray58@angelfire.com,Joan_Murray
190,Gary,Patterson,gpatterson59@eepurl.com,Gary_Patterson
191,Julia,Alexander,jalexander5a@topsy.com,Julia_Alexander
192,Bonnie,Welch,bwelch5b@usda.gov,Bonnie_Welch
193,Catherine,Price,cprice5c@a8.net,Catherine_Price
194,Kathryn,Franklin,kfranklin5d@artisteer.com,Kathryn_Franklin
195,Janice,Arnold,jarnold5e@quantcast.com,Janice_Arnold
196,Phyllis,Ortiz,portiz5f@hud.gov,Phyllis_Ortiz
197,Ryan,Garcia,rgarcia5g@netscape.com,Ryan_Garcia
198,Betty,Harris,bharris5h@fda.gov,Betty_Harris
199,Louise,Cox,lcox5i@time.com,Louise_Cox
200,Terry,Bell,tbell5j@arstechnica.com,Terry_Bell
